HŞ,ƒWƒƒƒ“ƒ‹
egg,
chicken breast,
onion,
rice,
ketchup,
meat,
potato,
carrot,
curry roux,
chinese noodle,
pork,
bean sprout,
green onion,
ramen soup,
fish,
sushi rice,
seaweed,
vinegar,
sugar,
salt,
shrimp,
sweet potato,
eggplant,
pumpkin,
tempura batter,
oil,
udon noodle,
dashi,
soy sauce,
bonito flake,
soba noodle,
wasabi,
octopus,
takoyaki batter,
cabbage,
tempura bit,
sauce,
okonomiyaki batter,
green pepper,
garlic chive,
garlic,
gyoza wrapper,
beef,
tofu,
chinese cabbage,
shiitake mushroom,
sukiyaki sauce,
enoki mushroom,
shimeji mushroom,
pork loin,
bread crumb,
flour,
chicken thigh,
ginger,
mirin,
ground meat,
doubanjiang,
sake,
cucumber,
ham,
tomato,
hiyashi chuka sauce,
red wine,
canned tomato,
butter,
milk,
